Barcode,Design,Color,Size,Purchase Price,Wholesale Price,MRP,Category
VDB36214,X-343,MULTI,34,895,895,1595,BLOUSE
VDB20854,X-230,MULTI,34,850,850,1650,BLOUSE
VDB36342,X-343,MULTI,40,895,895,1595,BLOUSE
VDB34339,X-312NS,COPPER,36,795,795,1395,BLOUSE
VDB12147,86B,GOLD,40,550,550,1450,BLOUSE
VDB38684,LEC-174,COPPER,38,1050,1050,1895,BLOUSE
VDB38946,LEC-174SL,GOLD,34,1050,1050,1895,BLOUSE
VDB29221,X-262,SILVER,34,750,750,1350,BLOUSE
VDB26752,X-269NS,GOLD,38,975,975,1750,BLOUSE
VDB26750,X-269NS,GOLD,34,975,975,1750,BLOUSE
VDB36341,X-343,MULTI,38,895,895,1595,BLOUSE
VDB29741,JK-05,BLACK,L,2450,2450,4950,BLOUSE
VDB11192,X-146,BLACK,34,1350,1350,2250,BLOUSE
VDB11194,X-146,BLACK,38,1350,1350,2250,BLOUSE
VDB15378,X-151,NEON MULTI,34,850,850,1650,BLOUSE
VDB19159,X-225,SILVER,34,1050,1050,1950,BLOUSE
VDB22901,X-238,COPPER,32,1250,1250,2150,BLOUSE
VDB26277,X-265NS,GOLD,32,750,750,1350,BLOUSE
VDB26751,X-269NS,GOLD,36,975,975,1750,BLOUSE
VDB33172,X-286NS,GOLD,38,850,850,1550,BLOUSE
VDB33843,X-301,GOLD,36,750,750,1450,BLOUSE
VDB36395,X-326,MULTI,34,550,550,975,BLOUSE
VDB36215,X-343,MULTI,36,895,895,1595,BLOUSE
VDB12145,86B,GOLD,36,550,550,1450,BLOUSE
VDB12165,86B,SILVER,34,550,550,1450,BLOUSE
VDB32677,KP-79,RED,36,1950,1950,3450,BLOUSE
VDB21184,KP-87,RED,38,2450,2450,4450,BLOUSE
VDB38677,LEC-174,COPPER,34,1050,1050,1895,BLOUSE
VDB31021,X-124,SILVER,34,1050,1050,1950,BLOUSE
VDB11185,X-146,GOLD,34,1350,1350,2250,BLOUSE
VDB16339,X-193NS,GOLD,38,495,495,975,BLOUSE
VDB16264,X-193SL,GOLD,42,495,495,975,BLOUSE
VDB20207,X-193SL,CREAM,34,495,495,975,BLOUSE
VDB19763,X-203,ROYAL BLUE,34,495,495,975,BLOUSE
VDB19173,X-225,GOLD,34,1050,1050,1950,BLOUSE
VDB19175,X-225,GOLD,38,1050,1050,1950,BLOUSE
VDB19174,X-225,GOLD,36,1050,1050,1950,BLOUSE
VDB19168,X-225,BLACK,38,1050,1050,1950,BLOUSE
VDB20858,X-230,MULTI,42,850,850,1650,BLOUSE
VDB21387,X-234,BLACK,38,975,975,1750,BLOUSE
VDB21388,X-234,BLACK,36,975,975,1750,BLOUSE
VDB24974,X-256,BLACK,36,650,650,1250,BLOUSE
VDB26799,X-264SL,MAROON,36,1050,1050,1850,BLOUSE
VDB26278,X-265NS,GOLD,34,750,750,1350,BLOUSE
VDB28764,X-266,BLACK,34,1250,1250,2195,BLOUSE
VDB28758,X-266,GOLD,34,1250,1250,2195,BLOUSE
VDB26753,X-269NS,GOLD,40,975,975,1750,BLOUSE
VDB39157,X-274SL.EFO,GOLD,38,1150,1150,2395,BLOUSE
VDB33579,X-293,GOLD,38,995,995,1750,BLOUSE
VDB34340,X-311NS,GOLD,34,795,795,1395,BLOUSE
VDB34338,X-312NS,COPPER,38,795,795,1395,BLOUSE
VDB14222,X-40,GOLD,32,975,975,2250,BLOUSE
VDB10289,81SL,ROYAL BLUE,34,495,495,975,BLOUSE
VDB10274,81SL,GREEN,32,495,495,975,BLOUSE
VDB10288,81SL,ROYAL BLUE,32,495,495,975,BLOUSE
VDB10257,81SL,RED,40,495,495,975,BLOUSE
VDB31275,86B,BLACK,32,550,550,1250,BLOUSE
VDB31259,86B,GOLD,34,550,550,1250,BLOUSE
VDB31262,86B,GOLD,40,550,550,1250,BLOUSE
VDB12169,86B,SILVER,42,550,550,1450,BLOUSE
VDB12168,86B,SILVER,40,550,550,1450,BLOUSE
VDB12148,86B,GOLD,42,550,550,1450,BLOUSE
VDB12143,86B,GOLD,32,550,550,1450,BLOUSE
VDB18248,86BNS,GOLD,34,550,550,1075,BLOUSE
VDB32732,JK-11,BLACK,M,1450,1450,2550,BLOUSE
VDB25160,KP-108,GREEN,38,2450,2450,4950,BLOUSE
VDB35457,KP-114EFO,RED,36,2750,2750,4950,BLOUSE
VDB39721,KP-123SL EFO,GOLD,34,3195,3195,5950,BLOUSE
VDB13812,KP-60,RED,38,1950,1950,3950,BLOUSE
VDB20122,KP-79,BLACK,34,1950,1950,2850,BLOUSE
VDB32473,KP-79,PINK,36,1950,1950,3450,BLOUSE
VDB32676,KP-79,MAROON,34,1950,1950,3450,BLOUSE
VDB19907,KP-87,ROYAL BLUE,38,2450,2450,4450,BLOUSE
VDB20032,KP-87,PINK,38,2450,2450,4450,BLOUSE
VDB20637,KP-87,BLACK,38,2450,2450,4450,BLOUSE
VDB21674,KP-87,PINK,34,2450,2450,4450,BLOUSE
VDB21182,KP-87,RED,34,2450,2450,4450,BLOUSE
VDB35324,KP-93EFO,GOLD,38,2450,2450,3950,BLOUSE
VDB35327,KP-93EFO,BLACK,36,2450,2450,3950,BLOUSE
VDB23273,KP-95,MAROON,36,2950,2950,5950,BLOUSE
VDB23230,KP-95,PINK,34,2950,2950,5950,BLOUSE
VDB31975,KT-01-WP,ROYAL BLUE,34,450,450,795,BLOUSE
VDB32109,KT-01-WP,MAROON,34,450,450,795,BLOUSE
VDB32140,KT-01-WP,RED,40,450,450,795,BLOUSE
VDB32138,KT-01-WP,RED,36,450,450,795,BLOUSE
VDB31995,KT-01-WP,MAROON,38,450,450,795,BLOUSE
VDB31993,KT-01-WP,GOLD,40,450,450,795,BLOUSE
VDB34872,KT-02-WP,COPPER,36,450,450,795,BLOUSE
VDB38631,LEC-170,GOLD,38,1150,1150,2095,BLOUSE
VDB38630,LEC-170,GOLD,36,1150,1150,2095,BLOUSE
VDB38676,LEC-173NS,GOLD,34,1250,1250,2195,BLOUSE
VDB38947,LEC-174,BLACK,34,1050,1050,1895,BLOUSE
VDB38948,LEC-174,BLACK,36,1050,1050,1895,BLOUSE
VDB38949,LEC-174,BLACK,38,1050,1050,1895,BLOUSE
VDB16757,MIX-1,GREEN,38,500,500,795,BLOUSE
VDB16681,MIX-1,GOLD,40,500,500,795,BLOUSE
VDB34119,R-5,ONION PINK,36,1050,1050,1950,BLOUSE
VDB34120,R-5,ONION PINK,38,1050,1050,1950,BLOUSE
VDB34118,R-5,ONION PINK,34,1050,1050,1950,BLOUSE
VDB10122,R-5P,GOLD,36,1050,1050,1950,BLOUSE
VDB31624,X-124,GOLD,40,1050,1050,1950,BLOUSE
VDB14750,X-124,GOLD,38,1050,1050,2250,BLOUSE
VDB11186,X-146,GOLD,36,1350,1350,2250,BLOUSE
VDB22124,X-146,ROYAL BLUE,34,1350,1350,2250,BLOUSE
VDB11205,X-146,CREAM,32,1350,1350,2250,BLOUSE
VDB22125,X-146,ROYAL BLUE,36,1350,1350,2250,BLOUSE
VDB22123,X-146,ROYAL BLUE,32,1350,1350,2250,BLOUSE
VDB18957,X-146,RED,34,1350,1350,2250,BLOUSE
VDB15377,X-151,NEON MULTI,32,850,850,1650,BLOUSE
VDB17858,X-151NS,MULTI,34,750,750,1550,BLOUSE
VDB15538,X-162SL,SILVER,32,975,975,1650,BLOUSE
VDB11138,X-18,COPPER,38,975,975,1750,BLOUSE
VDB16338,X-193NS,GOLD,36,495,495,975,BLOUSE
VDB20830,X-193SL,PARROT GREEN,38,495,495,975,BLOUSE
VDB16317,X-193SL,BRINJAL,36,495,495,975,BLOUSE
VDB16263,X-193SL,GOLD,40,495,495,975,BLOUSE
VDB19401,X-193SL,RAMA GREEN,38,495,495,975,BLOUSE
VDB18109,X-193SL,RAMA GREEN,36,495,495,975,BLOUSE
VDB16283,X-193SL,DARK MAROON,38,495,495,975,BLOUSE
VDB16318,X-193SL,BRINJAL,38,495,495,975,BLOUSE
VDB31052,X-202NS,GOLD,34,850,850,1495,BLOUSE
VDB31063,X-202NS,BLACK,34,850,850,1495,BLOUSE
VDB31753,X-202SL,PINK,36,895,895,1595,BLOUSE
VDB19798,X-203,RED,34,495,495,975,BLOUSE
VDB19765,X-203,ROYAL BLUE,38,495,495,975,BLOUSE
VDB19764,X-203,ROYAL BLUE,36,495,495,975,BLOUSE
VDB19758,X-203,GREEN,38,495,495,975,BLOUSE
VDB19799,X-203,RED,36,495,495,975,BLOUSE
VDB19780,X-203,PINK,40,495,495,975,BLOUSE
VDB19759,X-203,GREEN,40,495,495,975,BLOUSE
VDB19755,X-203,GREEN,32,495,495,975,BLOUSE
VDB19767,X-203,ROYAL BLUE,42,495,495,975,BLOUSE
VDB19167,X-225,BLACK,36,1050,1050,1950,BLOUSE
VDB19161,X-225,SILVER,38,1050,1050,1950,BLOUSE
VDB19442,X-227,GREEN,36,2450,2450,3950,BLOUSE
VDB20856,X-230,MULTI,38,850,850,1650,BLOUSE
VDB20855,X-230,MULTI,36,850,850,1650,BLOUSE
VDB35553,X-231H.EFO,MULTI,32,1950,1950,3450,BLOUSE
VDB21483,X-234,GOLD,34,975,975,1750,BLOUSE
VDB21445,X-234,RED,40,975,975,1750,BLOUSE
VDB21146,X-234,MAROON,34,975,975,1750,BLOUSE
VDB23211,X-234,ROYAL BLUE,38,975,975,1750,BLOUSE
VDB22902,X-238,COPPER,34,1250,1250,2150,BLOUSE
VDB24973,X-256,BLACK,34,650,650,1250,BLOUSE
VDB24949,X-256,GOLD,34,650,650,1250,BLOUSE
VDB26213,X-257SL,BLACK,36,975,975,1750,BLOUSE
VDB26194,X-257SL,GOLD,34,975,975,1750,BLOUSE
VDB26103,X-262,COPPER,32,750,750,1350,BLOUSE
VDB26104,X-262,COPPER,34,750,750,1350,BLOUSE
VDB26449,X-263SL,RED,40,1350,1350,2375,BLOUSE
VDB26446,X-263SL,RED,34,1350,1350,2375,BLOUSE
VDB26811,X-264SL,BLACK,36,1050,1050,1850,BLOUSE
VDB28760,X-266,GOLD,38,1250,1250,2195,BLOUSE
VDB28765,X-266,BLACK,36,1250,1250,2195,BLOUSE
VDB36165,X-269NS,SILVER,38,975,975,1750,BLOUSE
VDB26754,X-269NS,GOLD,42,975,975,1750,BLOUSE
VDB27557,X-269SL,GOLD,34,1095,1095,1950,BLOUSE
VDB27558,X-269SL,GOLD,36,1095,1095,1950,BLOUSE
VDB27559,X-269SL,GOLD,38,1095,1095,1950,BLOUSE
VDB26756,X-270NS,GOLD,34,695,695,1150,BLOUSE
VDB27838,X-273NS,ROYAL BLUE,32,995,995,1750,BLOUSE
VDB37734,X-274SL.EFO,BLACK,34,1150,1150,2395,BLOUSE
VDB37867,X-274SL.EFO,BLACK,40,1150,1150,2395,BLOUSE
VDB30648,X-279,MULTI,32,1250,1250,2195,BLOUSE
VDB32099,X-285,COPPER,38,975,975,1750,BLOUSE
VDB33182,X-286NS,GREEN,36,850,850,1550,BLOUSE
VDB33171,X-286NS,GOLD,36,850,850,1550,BLOUSE
VDB33488,X-286NS,BLACK,38,850,850,1550,BLOUSE
VDB34796,X-286NS,ROYAL BLUE,34,850,850,1550,BLOUSE
VDB31744,X-286NS,MAROON,38,850,850,1550,BLOUSE
VDB31736,X-286NS,PINK,36,850,850,1550,BLOUSE
VDB34187,X-286NS,BLACK,36,850,850,1550,BLOUSE
VDB31679,X-286NS,BLACK,34,850,850,1550,BLOUSE
VDB31660,X-287,BLACK,38,895,895,1595,BLOUSE
VDB33577,X-293,GOLD,34,995,995,1750,BLOUSE
VDB33578,X-293,GOLD,36,995,995,1750,BLOUSE
VDB34316,X-300,MAROON,38,1350,1350,2450,BLOUSE
VDB33737,X-300,ROYAL BLUE,36,1350,1350,2450,BLOUSE
VDB34206,X-301,BLACK,38,750,750,1450,BLOUSE
VDB34205,X-301,BLACK,36,750,750,1450,BLOUSE
VDB34341,X-311NS,GOLD,36,795,795,1395,BLOUSE
VDB34337,X-313NS,GOLD,36,695,695,1395,BLOUSE
VDB34817,X-313NS,MAROON,34,695,695,1395,BLOUSE
VDB35453,X-314,ROYAL BLUE,36,750,750,1350,BLOUSE
VDB35246,X-314,MAROON,36,750,750,1350,BLOUSE
VDB34920,X-314,GOLD,36,750,750,1350,BLOUSE
VDB37103,X-317.EFO,PINK,34,795,795,1450,BLOUSE
VDB35167,X-320SL,GOLD,38,975,975,1750,BLOUSE
VDB35205,X-321,GOLD,40,975,975,1950,BLOUSE
VDB34999,X-321,GOLD,36,975,975,1950,BLOUSE
VDB35130,X-321,GOLD,38,975,975,1950,BLOUSE
VDB35852,X-325,BRINJAL MULTI,36,495,495,895,BLOUSE
VDB35511,X-325,RED MULTI,38,495,495,895,BLOUSE
VDB35510,X-325,RED MULTI,34,495,495,895,BLOUSE
VDB36396,X-326,MULTI,36,550,550,975,BLOUSE
VDB36397,X-326,MULTI,38,550,550,975,BLOUSE
VDB35886,X-327SL,GOLD,38,995,995,1950,BLOUSE
VDB38119,X-333,PINK,42,495,495,975,BLOUSE
VDB35836,X-333,MAROON,38,495,495,975,BLOUSE
VDB35949,X-336,COPPER,38,1295,1295,2295,BLOUSE
VDB36004,X-340,BLACK,34,650,650,1250,BLOUSE
VDB37726,X-341.EFO,MAROON,42,795,795,1450,BLOUSE
VDB37890,X-347SL,ANTIC GOLD,36,1050,1050,1895,BLOUSE
VDB10614,X-35SL,BLACK,40,495,495,975,BLOUSE
VDB10598,X-35SL,RED,36,495,495,975,BLOUSE
VDB10649,X-35SL,YELLOW,40,495,495,975,BLOUSE
VDB17123,X-35SL,ORANGE,38,495,495,975,BLOUSE
VDB14229,X-40,BLACK,32,975,975,2250,BLOUSE
VDB14244,X-40,MAROON,34,975,975,2250,BLOUSE
VDB14223,X-40,GOLD,34,975,975,2250,BLOUSE
VDB10291,81SL,ROYAL BLUE,38,495,495,975,BLOUSE
VDB10351,81SL,BLACK,32,495,495,975,BLOUSE
VDB10356,81SL,BLACK,42,495,495,975,BLOUSE
VDB10355,81SL,BLACK,40,495,495,975,BLOUSE
VDB10354,81SL,BLACK,38,495,495,975,BLOUSE
VDB10353,81SL,BLACK,36,495,495,975,BLOUSE
VDB10352,81SL,BLACK,34,495,495,975,BLOUSE
VDB10246,81SL,COPPER,32,495,495,975,BLOUSE
VDB10278,81SL,GREEN,40,495,495,975,BLOUSE
VDB10250,81SL,COPPER,40,495,495,975,BLOUSE
VDB10253,81SL,RED,32,495,495,975,BLOUSE
VDB10275,81SL,GREEN,34,495,495,975,BLOUSE
VDB10279,81SL,GREEN,42,495,495,975,BLOUSE
VDB10276,81SL,GREEN,36,495,495,975,BLOUSE
VDB10302,81SL,SILVER,32,495,495,975,BLOUSE
VDB31276,86B,BLACK,34,550,550,1250,BLOUSE
VDB31278,86B,BLACK,38,550,550,1250,BLOUSE
VDB31282,86B,MAROON,32,550,550,1250,BLOUSE
VDB31284,86B,MAROON,36,550,550,1250,BLOUSE
VDB31286,86B,MAROON,40,550,550,1250,BLOUSE
VDB30813,86B,GOLD,32,550,550,1250,BLOUSE
VDB31256,86B,COPPER,38,550,550,1250,BLOUSE
VDB31254,86B,COPPER,34,550,550,1250,BLOUSE
VDB31253,86B,COPPER,32,550,550,1250,BLOUSE
VDB31277,86B,BLACK,36,550,550,1250,BLOUSE
VDB31279,86B,BLACK,40,550,550,1250,BLOUSE
VDB31344,86B,PINK,42,550,550,1250,BLOUSE
VDB31342,86B,PINK,38,550,550,1250,BLOUSE
VDB31340,86B,PINK,34,550,550,1250,BLOUSE
VDB31322,86B,GREEN,38,550,550,1250,BLOUSE
VDB31320,86B,GREEN,34,550,550,1250,BLOUSE
VDB31291,86B,ROYAL BLUE,36,550,550,1250,BLOUSE
VDB31290,86B,ROYAL BLUE,34,550,550,1250,BLOUSE
VDB31289,86B,ROYAL BLUE,32,550,550,1250,BLOUSE
VDB31258,86B,COPPER,42,550,550,1250,BLOUSE
VDB32598,86B,GREEN,40,550,550,1250,BLOUSE
VDB12166,86B,SILVER,36,550,550,1450,BLOUSE
VDB12167,86B,SILVER,38,550,550,1450,BLOUSE
VDB12164,86B,SILVER,32,550,550,1450,BLOUSE
VDB33208,86B-K,PINK,32,550,550,1250,BLOUSE
VDB18250,86BNS,GOLD,38,550,550,1075,BLOUSE
VDB20722,CT-2,GOLD,34,450,450,850,BLOUSE
VDB20681,CT-2,BLACK,34,450,450,850,BLOUSE
VDB20682,CT-2,BLACK,36,450,450,850,BLOUSE
VDB25894,JK-04,BLACK,36,3450,3450,5950,BLOUSE
VDB32730,JK-11,ROYAL BLUE,M,1450,1450,2550,BLOUSE
VDB29351,JK-14,PINK,M,1150,1150,2075,BLOUSE
VDB32486,JK-16,BLACK,L,1650,1650,2950,BLOUSE
VDB32798,JK-17,ROYAL BLUE,L,1250,1250,2195,BLOUSE
VDB32799,JK-17,GOLD,L,1250,1250,2195,BLOUSE
VDB32490,JK-18,BLACK,L,1250,1250,2195,BLOUSE
VDB25141,KP-108,MAROON,36,2450,2450,4950,BLOUSE
VDB25238,KP-108,PINK,36,2450,2450,4950,BLOUSE
VDB25951,KP-108,ROYAL BLUE,38,2450,2450,4950,BLOUSE
VDB25949,KP-108,ROYAL BLUE,34,2450,2450,4950,BLOUSE
VDB25241,KP-108,RED,38,2450,2450,4950,BLOUSE
VDB25158,KP-108,GREEN,34,2450,2450,4950,BLOUSE
VDB25155,KP-108,BLACK,40,2450,2450,4950,BLOUSE
VDB25149,KP-108,GOLD,40,2450,2450,4950,BLOUSE
VDB25146,KP-108,GOLD,34,2450,2450,4950,BLOUSE
VDB25143,KP-108,MAROON,40,2450,2450,4950,BLOUSE
VDB25239,KP-108,RED,34,2450,2450,4950,BLOUSE
VDB27709,KP-108,RED,40,2450,2450,4950,BLOUSE
VDB27566,KP-110,GOLD,36,1350,1350,2375,BLOUSE
VDB27565,KP-110,GOLD,34,1350,1350,2375,BLOUSE
VDB30438,KP-113,GOLD,40,2950,2950,5195,BLOUSE
VDB30437,KP-113,GOLD,38,2950,2950,5195,BLOUSE
VDB30436,KP-113,GOLD,36,2950,2950,5195,BLOUSE
VDB33159,KP-113,SILVER,38,2950,2950,5195,BLOUSE
VDB35111,KP-114EFO,GOLD,34,2750,2750,4950,BLOUSE
VDB35118,KP-114EFO,GOLD,36,2750,2750,4950,BLOUSE
VDB35128,KP-114EFO,GOLD,38,2750,2750,4950,BLOUSE
VDB37386,KP-114EFO,MAROON,40,2750,2750,4950,BLOUSE
VDB35389,KP-114EFO,GREEN,36,2750,2750,4950,BLOUSE
VDB35114,KP-114EFO,ROYAL BLUE,34,2750,2750,4950,BLOUSE
VDB35120,KP-114EFO,GREEN,38,2750,2750,4950,BLOUSE
VDB35119,KP-114EFO,PINK,38,2750,2750,4950,BLOUSE
VDB39776,KP-123NS EFO,ROYAL BLUE.,34,2995,2995,5650,BLOUSE
VDB39769,KP-123NS EFO,PINK,34,2995,2995,5650,BLOUSE
VDB39755,KP-123NS EFO,RED,34,2995,2995,5650,BLOUSE
VDB39763,KP-123NS EFO,GREEN,36,2995,2995,5650,BLOUSE
VDB39770,KP-123NS EFO,PINK,36,2995,2995,5650,BLOUSE
VDB39811,KP-123SL EFO,PINK,36,3195,3195,5950,BLOUSE
VDB39727,KP-123SL EFO,BLACK,32,3195,3195,5950,BLOUSE
VDB39722,KP-123SL EFO,GOLD,36,3195,3195,5950,BLOUSE
VDB12297,KP-3,BLACK,32,3500,3500,6950,BLOUSE
VDB12298,KP-3,BLACK,34,3500,3500,6950,BLOUSE
VDB12299,KP-3,BLACK,36,3500,3500,6950,BLOUSE
VDB12305,KP-3,MAROON,34,3500,3500,6950,BLOUSE
VDB12286,KP-3,GOLD,38,3500,3500,6950,BLOUSE
VDB28425,KP-3,PINK,34,3500,3500,6950,BLOUSE
VDB29749,KP-3,LIGHT BLUE,36,3500,3500,6950,BLOUSE
VDB12312,KP-3,RED,34,3500,3500,6950,BLOUSE
VDB12319,KP-3,GREEN,34,3500,3500,6950,BLOUSE
VDB12341,KP-3,NEON PINK,36,3500,3500,6950,BLOUSE
VDB12354,KP-3,NEON GREEN,34,3500,3500,6950,BLOUSE
VDB12334,KP-3,ROYAL BLUE,36,3500,3500,6950,BLOUSE
VDB12340,KP-3,NEON PINK,34,3500,3500,6950,BLOUSE
VDB13347,KP-46,RED,32,1750,1750,3950,BLOUSE
VDB13341,KP-46,ROYAL BLUE,34,1750,1750,3950,BLOUSE
VDB13377,KP-46,PINK,36,1750,1750,3950,BLOUSE
VDB13419,KP-48,COPPER,36,2950,2950,5950,BLOUSE
VDB13482,KP-50,PINK,36,2450,2450,3950,BLOUSE
VDB13454,KP-50,RED,36,2450,2450,3950,BLOUSE
VDB13503,KP-50,GOLD,36,2450,2450,3950,BLOUSE
VDB13469,KP-50,GREEN,38,2450,2450,3950,BLOUSE
VDB13461,KP-50,MAROON,36,2450,2450,3950,BLOUSE
VDB13551,KP-52,BLACK,34,2450,2450,3950,BLOUSE
VDB13727,KP-57,GREEN,36,4450,4450,7250,BLOUSE
VDB13707,KP-57,BLACK,38,4450,4450,7250,BLOUSE
VDB13720,KP-57,MAROON,36,4450,4450,7250,BLOUSE
VDB13798,KP-60,ROYAL BLUE,38,1950,1950,3950,BLOUSE
VDB13802,KP-60,BLACK,32,1950,1950,3950,BLOUSE
VDB20346,KP-60,GREEN,38,1950,1950,3950,BLOUSE
VDB13817,KP-60,PINK,34,1950,1950,3950,BLOUSE
VDB31512,KP-60,PINK,36,1950,1950,3450,BLOUSE
VDB13816,KP-60,PINK,32,1950,1950,3950,BLOUSE
VDB13810,KP-60,RED,34,1950,1950,3950,BLOUSE
VDB13819,KP-60,PINK,38,1950,1950,3950,BLOUSE
VDB23684,KP-69,RED,36,4450,4450,8450,BLOUSE
VDB32885,KP-69,GOLD,42,4450,4450,8450,BLOUSE
VDB20607,KP-69,ROYAL BLUE,36,4450,4450,8450,BLOUSE
VDB20619,KP-69,MAROON,36,4450,4450,8450,BLOUSE
VDB20625,KP-69,PINK,36,4450,4450,8450,BLOUSE
VDB19077,KP-71,RAMA GREEN,38,1950,1950,3450,BLOUSE
VDB19832,KP-71,BRINJAL,38,1950,1950,3450,BLOUSE
VDB16939,KP-71,ROYAL BLUE,38,1950,1950,3450,BLOUSE
VDB19829,KP-71,RED,36,1950,1950,3450,BLOUSE
VDB20406,KP-72,RED,38,4450,4450,8950,BLOUSE
VDB21326,KP-72,MAROON,36,4450,4450,8950,BLOUSE
VDB35593,KP-76NS.EFO,RED,34,3250,3250,5950,BLOUSE
VDB35601,KP-76NS.EFO,BLACK,36,3250,3250,5950,BLOUSE
VDB35604,KP-76NS.EFO,GOLD,38,3250,3250,5950,BLOUSE
VDB23420,KP-78,GREEN,36,2250,2250,3950,BLOUSE
VDB18344,KP-78,RED,44,2700,2700,4740,BLOUSE
VDB18341,KP-78,RED,38,2250,2250,3950,BLOUSE
VDB23415,KP-78,MAROON,38,2250,2250,3950,BLOUSE
VDB23411,KP-78,PINK,36,2250,2250,3950,BLOUSE
VDB23416,KP-78,BLACK,34,2250,2250,3950,BLOUSE
VDB23413,KP-78,GOLD,38,2250,2250,3950,BLOUSE
VDB23412,KP-78,PINK,38,2250,2250,3950,BLOUSE
VDB21931,KP-78,GOLD,34,2250,2250,3950,BLOUSE
VDB31471,KP-79,GREEN,34,1950,1950,3450,BLOUSE
VDB31473,KP-79,GREEN,38,1950,1950,3450,BLOUSE
VDB31476,KP-79,MAROON,36,1950,1950,3450,BLOUSE
VDB20108,KP-79,PINK,38,1950,1950,2850,BLOUSE
VDB34272,KP-79,YELLOW,36,1950,1950,3450,BLOUSE
VDB20124,KP-79,BLACK,38,1950,1950,2850,BLOUSE
VDB31960,KP-79,GOLD,40,1950,1950,3450,BLOUSE
VDB31472,KP-79,GREEN,36,1950,1950,3450,BLOUSE
VDB34647,KP-79,BRINJAL,36,1950,1950,3450,BLOUSE
VDB21185,KP-87,BLACK,34,2450,2450,4450,BLOUSE
VDB19905,KP-87,ROYAL BLUE,34,2450,2450,4450,BLOUSE
VDB21183,KP-87,RED,36,2450,2450,4450,BLOUSE
VDB19906,KP-87,ROYAL BLUE,36,2450,2450,4450,BLOUSE
VDB20413,KP-88,BLACK,40,2650,2650,4950,BLOUSE
VDB20639,KP-88,MAROON,34,2650,2650,4950,BLOUSE
VDB22551,KP-89NS,RED,36,5550,5550,14500,BLOUSE
VDB35311,KP-93EFO,GOLD,34,2450,2450,3950,BLOUSE
VDB35323,KP-93EFO,GOLD,36,2450,2450,3950,BLOUSE
VDB35325,KP-93EFO,GOLD,40,2450,2450,3950,BLOUSE
VDB35309,KP-93EFO,RED,34,2450,2450,3950,BLOUSE
VDB35322,KP-93EFO,COPPER,40,2450,2450,3950,BLOUSE
VDB35328,KP-93EFO,BLACK,38,2450,2450,3950,BLOUSE
VDB35321,KP-93EFO,COPPER,38,2450,2450,3950,BLOUSE
VDB35320,KP-93EFO,COPPER,36,2450,2450,3950,BLOUSE
VDB35966,KP-93EFO,TOMATO PINK,32,2450,2450,3950,BLOUSE
VDB35313,KP-93EFO,BLACK,34,2450,2450,3950,BLOUSE
VDB22506,KP-94SL,RED,36,2450,2450,4650,BLOUSE
VDB29096,KP-94SL,ROYAL BLUE,38,2450,2450,4650,BLOUSE
VDB23238,KP-95,GREEN,38,2950,2950,5950,BLOUSE
VDB23231,KP-95,PINK,36,2950,2950,5950,BLOUSE
VDB23272,KP-95,MAROON,34,2950,2950,5950,BLOUSE
VDB23254,KP-95,RED,34,2950,2950,5950,BLOUSE
VDB23274,KP-95,MAROON,38,2950,2950,5950,BLOUSE
VDB23242,KP-95,BLACK,34,2950,2950,5950,BLOUSE
VDB23239,KP-95,GREEN,40,2950,2950,5950,BLOUSE
VDB23257,KP-95,RED,40,2950,2950,5950,BLOUSE
VDB23218,KP-95,BRINJAL,34,2950,2950,5950,BLOUSE
VDB23226,KP-95,YELLOW,38,2950,2950,5950,BLOUSE
VDB22628,KP-98,MAROON,34,2450,2450,4450,BLOUSE
VDB22619,KP-98,BLACK,40,2450,2450,4450,BLOUSE
VDB22618,KP-98,BLACK,38,2450,2450,4450,BLOUSE
VDB22606,KP-98,GOLD,38,2450,2450,4450,BLOUSE
VDB22630,KP-98,MAROON,38,2450,2450,4450,BLOUSE
VDB22635,KP-98,GREEN,36,2450,2450,4450,BLOUSE
VDB22649,KP-98,YELLOW,40,2450,2450,4450,BLOUSE
VDB22647,KP-98,YELLOW,36,2450,2450,4450,BLOUSE
VDB22641,KP-98,PINK,36,2450,2450,4450,BLOUSE
VDB22640,KP-98,PINK,34,2450,2450,4450,BLOUSE
VDB22636,KP-98,GREEN,38,2450,2450,4450,BLOUSE
VDB22622,KP-98,RED,34,2450,2450,4450,BLOUSE
VDB22603,KP-98,GOLD,32,2450,2450,4450,BLOUSE
VDB22624,KP-98,RED,38,2450,2450,4450,BLOUSE
VDB28522,KT-01,GREEN,32,395,395,695,BLOUSE
VDB29229,KT-01,NAVY BLUE,32,395,395,695,BLOUSE
VDB28511,KT-01,BLACK,34,395,395,695,BLOUSE
VDB28535,KT-01,ROYAL BLUE,34,395,395,695,BLOUSE
VDB28506,KT-01,RED,36,395,395,695,BLOUSE
VDB31822,KT-01-WP,GOLD,32,450,450,795,BLOUSE
VDB31983,KT-01-WP,BLACK,38,450,450,795,BLOUSE
VDB31982,KT-01-WP,BLACK,36,450,450,795,BLOUSE
VDB31981,KT-01-WP,BLACK,34,450,450,795,BLOUSE
VDB34917,KT-01-WP,GREEN,42,450,450,795,BLOUSE
VDB33090,KT-01-WP,PURPLE,34,450,450,795,BLOUSE
VDB32167,KT-01-WP,GOLD,42,450,450,795,BLOUSE
VDB32106,KT-01-WP,PINK,40,450,450,795,BLOUSE
VDB32105,KT-01-WP,PINK,32,450,450,795,BLOUSE
VDB31998,KT-01-WP,PINK,34,450,450,795,BLOUSE
VDB31997,KT-01-WP,MAROON,42,450,450,795,BLOUSE
VDB33091,KT-01-WP,PURPLE,36,450,450,795,BLOUSE
VDB33092,KT-01-WP,PURPLE,38,450,450,795,BLOUSE
VDB34890,KT-01-WP,RED,42,450,450,795,BLOUSE
VDB34886,KT-01-WP,PURPLE,42,450,450,795,BLOUSE
VDB33477,KT-01-WP,GREEN,32,450,450,795,BLOUSE
VDB33468,KT-01-WP,PURPLE,40,450,450,795,BLOUSE
VDB33237,KT-01-WP,GREEN,40,450,450,795,BLOUSE
VDB33195,KT-01-WP,RED,32,450,450,795,BLOUSE
VDB33194,KT-01-WP,PURPLE,32,450,450,795,BLOUSE
VDB31984,KT-01-WP,BLACK,40,450,450,795,BLOUSE
VDB32111,KT-01-WP,ROYAL BLUE,32,450,450,795,BLOUSE
VDB32137,KT-01-WP,RED,34,450,450,795,BLOUSE
VDB32139,KT-01-WP,RED,38,450,450,795,BLOUSE
VDB32942,KT-01-WP,MEHANDI GREEN,38,450,450,795,BLOUSE
VDB32160,KT-01-WP,COPPER,42,450,450,795,BLOUSE
VDB32155,KT-01-WP,COPPER,32,450,450,795,BLOUSE
VDB32158,KT-01-WP,COPPER,38,450,450,795,BLOUSE
VDB32159,KT-01-WP,COPPER,40,450,450,795,BLOUSE
VDB31977,KT-01-WP,ROYAL BLUE,38,450,450,795,BLOUSE
VDB31986,KT-01-WP,NAVY BLUE,34,450,450,795,BLOUSE
VDB31994,KT-01-WP,MAROON,36,450,450,795,BLOUSE
VDB31996,KT-01-WP,MAROON,40,450,450,795,BLOUSE
VDB33235,KT-01-WP,MEHANDI GREEN,40,450,450,795,BLOUSE
VDB28602,KT-02,BLACK,36,395,395,695,BLOUSE
VDB35961,KT-02-WP,COPPER,40,450,450,795,BLOUSE
VDB34871,KT-02-WP,COPPER,34,450,450,795,BLOUSE
VDB38629,LEC-170,GOLD,34,1150,1150,2095,BLOUSE
VDB38678,LEC-172SL,GOLD,36,1250,1250,2195,BLOUSE
VDB38681,LEC-173NS,GOLD,40,1250,1250,2195,BLOUSE
VDB38682,LEC-173NS,GOLD,38,1250,1250,2195,BLOUSE
VDB38680,LEC-173NS,GOLD,36,1250,1250,2195,BLOUSE
VDB38683,LEC-174,COPPER,36,1050,1050,1895,BLOUSE
VDB29692,LEC-95,GOLD,34,1150,1150,2050,BLOUSE
VDB29691,LEC-95,GOLD,32,1150,1150,2050,BLOUSE
VDB16808,MIX-1,MAGENTA,42,500,500,795,BLOUSE
VDB16752,MIX-1,ROYAL BLUE,42,500,500,795,BLOUSE
VDB16722,MIX-1,MAROON,38,500,500,795,BLOUSE
VDB16737,MIX-1,RED,40,500,500,795,BLOUSE
VDB16803,MIX-1,MAGENTA,32,500,500,795,BLOUSE
VDB16806,MIX-1,MAGENTA,38,500,500,795,BLOUSE
VDB16801,MIX-1,PINK,42,500,500,795,BLOUSE
VDB16799,MIX-1,PINK,38,500,500,795,BLOUSE
VDB16733,MIX-1,RED,32,500,500,795,BLOUSE
VDB16754,MIX-1,GREEN,32,500,500,795,BLOUSE
VDB16756,MIX-1,GREEN,36,500,500,795,BLOUSE
VDB16793,MIX-1,BLACK,40,500,500,795,BLOUSE
VDB16749,MIX-1,ROYAL BLUE,36,500,500,795,BLOUSE
VDB16789,MIX-1,BLACK,32,500,500,795,BLOUSE
VDB16791,MIX-1,BLACK,36,500,500,795,BLOUSE
VDB16724,MIX-1,MAROON,42,500,500,795,BLOUSE
VDB16750,MIX-1,ROYAL BLUE,38,500,500,795,BLOUSE
VDB16751,MIX-1,ROYAL BLUE,40,500,500,795,BLOUSE
VDB16730,MIX-1,DARK MAROON,40,500,500,795,BLOUSE
VDB16804,MIX-1,MAGENTA,34,500,500,795,BLOUSE
VDB16966,MIX-1,MULTI,36,500,500,795,BLOUSE
VDB19046,R-5,SILVER,38,1050,1050,1950,BLOUSE
VDB10004,R-5,GOLD,38,1050,1050,1950,BLOUSE
VDB19045,R-5,SILVER,36,1050,1050,1950,BLOUSE
VDB10003,R-5,GOLD,36,1050,1050,1950,BLOUSE
VDB10124,R-5P,GOLD,40,1050,1050,1950,BLOUSE
VDB10125,R-5P,GOLD,42,1050,1050,1950,BLOUSE
VDB10123,R-5P,GOLD,38,1050,1050,1950,BLOUSE
VDB35980,SS-02.EFO,BLACK,XL,695,695,1295,BLOUSE
VDB35978,SS-02.EFO,SILVER,XL,695,695,1295,BLOUSE
VDB35975,SS-02.EFO,COPPER,L,695,695,1295,BLOUSE
VDB35977,SS-02.EFO,SILVER,L,695,695,1295,BLOUSE
VDB35974,SS-02.EFO,GOLD,XL,695,695,1295,BLOUSE
VDB11753,X-108SL,GREEN,36,750,750,1450,BLOUSE
VDB11762,X-108SL,RED,40,750,750,1450,BLOUSE
VDB11752,X-108SL,GREEN,34,750,750,1450,BLOUSE
VDB14749,X-124,GOLD,36,1050,1050,2250,BLOUSE
VDB31015,X-124,GOLD,36,1050,1050,1950,BLOUSE
VDB31017,X-124,GOLD,42,1050,1050,1950,BLOUSE
VDB31009,X-124,BLACK,40,1050,1050,1950,BLOUSE
VDB31014,X-124,GOLD,34,1050,1050,1950,BLOUSE
VDB31008,X-124,BLACK,38,1050,1050,1950,BLOUSE
VDB31007,X-124,BLACK,36,1050,1050,1950,BLOUSE
VDB30817,X-124,GOLD,32,1050,1050,1950,BLOUSE
VDB14740,X-124,BLACK,32,1050,1050,2250,BLOUSE
VDB14741,X-124,BLACK,34,1050,1050,2250,BLOUSE
VDB14742,X-124,BLACK,36,1050,1050,2250,BLOUSE
VDB31013,X-124,ANTIC GOLD,36,1050,1050,1950,BLOUSE
VDB31022,X-124,SILVER,36,1050,1050,1950,BLOUSE
VDB31024,X-124,SILVER,40,1050,1050,1950,BLOUSE
VDB31023,X-124,SILVER,38,1050,1050,1950,BLOUSE
VDB31016,X-124,GOLD,38,1050,1050,1950,BLOUSE
VDB15006,X-135,RED,32,975,975,1950,BLOUSE
VDB15007,X-135,RED,34,975,975,1950,BLOUSE
VDB11202,X-146,SILVER,40,1350,1350,2250,BLOUSE
VDB11189,X-146,GOLD,42,1350,1350,2250,BLOUSE
VDB18732,X-146,RED,36,1350,1350,2250,BLOUSE
VDB29689,X-146,BLACK & GOLD,36,1350,1350,2250,BLOUSE
VDB29688,X-146,BLACK & GOLD,34,1350,1350,2250,BLOUSE
VDB29690,X-146,BLACK & GOLD,38,1350,1350,2250,BLOUSE
VDB11191,X-146,BLACK,32,1350,1350,2250,BLOUSE
VDB11193,X-146,BLACK,36,1350,1350,2250,BLOUSE
VDB11209,X-146,CREAM,40,1350,1350,2250,BLOUSE
VDB11188,X-146,GOLD,40,1350,1350,2250,BLOUSE
VDB11204,X-146,SILVER,44,1620,1620,2700,BLOUSE
VDB11203,X-146,SILVER,42,1350,1350,2250,BLOUSE
VDB11201,X-146,SILVER,38,1350,1350,2250,BLOUSE
VDB11200,X-146,SILVER,36,1350,1350,2250,BLOUSE
VDB11208,X-146,CREAM,38,1350,1350,2250,BLOUSE
VDB11196,X-146,BLACK,42,1350,1350,2250,BLOUSE
VDB11199,X-146,SILVER,34,1350,1350,2250,BLOUSE
VDB15380,X-151,NEON MULTI,38,850,850,1650,BLOUSE
VDB15379,X-151,NEON MULTI,36,850,850,1650,BLOUSE
VDB15373,X-151,MULTI,38,850,850,1650,BLOUSE
VDB15370,X-151,MULTI,32,850,850,1650,BLOUSE
VDB15535,X-162SL,GOLD,40,975,975,1650,BLOUSE
VDB15533,X-162SL,GOLD,36,975,975,1650,BLOUSE
VDB15778,X-174,ROYAL BLUE,36,650,650,1250,BLOUSE
VDB15919,X-179,SILVER,38,850,850,1450,BLOUSE
VDB15920,X-179,SILVER,40,850,850,1450,BLOUSE
VDB15921,X-179,SILVER,42,850,850,1450,BLOUSE
VDB11132,X-18,BLACK,40,975,975,1750,BLOUSE
VDB11135,X-18,COPPER,32,975,975,1750,BLOUSE
VDB11136,X-18,COPPER,34,975,975,1750,BLOUSE
VDB18197,X-191,RED,34,1150,1150,1950,BLOUSE
VDB16337,X-193NS,GOLD,34,495,495,975,BLOUSE
VDB18389,X-193SL,ORANGE,36,495,495,975,BLOUSE
VDB19400,X-193SL,YELLOW,38,495,495,975,BLOUSE
VDB16262,X-193SL,GOLD,38,495,495,975,BLOUSE
VDB16260,X-193SL,GOLD,34,495,495,975,BLOUSE
VDB22242,X-193SL,CREAM,42,495,495,975,BLOUSE
VDB20208,X-193SL,CREAM,36,495,495,975,BLOUSE
VDB22291,X-193SL,NAVY BLUE,36,495,495,975,BLOUSE
VDB16319,X-193SL,BRINJAL,40,495,495,975,BLOUSE
VDB22292,X-193SL,NAVY BLUE,38,495,495,975,BLOUSE
VDB16272,X-193SL,COPPER,44,594,594,1170,BLOUSE
VDB21020,X-193SL,NAVY BLUE,34,495,495,975,BLOUSE
VDB16314,X-193SL,PURPLE,44,594,594,1170,BLOUSE
VDB22294,X-193SL,NAVY BLUE,42,495,495,975,BLOUSE
VDB22293,X-193SL,NAVY BLUE,40,495,495,975,BLOUSE
VDB16313,X-193SL,PURPLE,42,495,495,975,BLOUSE
VDB21867,X-193SL,MEHANDI GREEN,36,495,495,975,BLOUSE
VDB20769,X-193SL,MUSTARD,32,495,495,975,BLOUSE
VDB16559,X-193SL,YELLOW,40,495,495,975,BLOUSE
VDB21324,X-193SL,ORANGE,40,495,495,975,BLOUSE
VDB21021,X-193SL,ORANGE,34,495,495,975,BLOUSE
VDB21225,X-193SL,ORANGE,38,495,495,975,BLOUSE
VDB16511,X-193SL,ROYAL BLUE,34,495,495,975,BLOUSE
VDB21868,X-193SL,MEHANDI GREEN,38,495,495,975,BLOUSE
VDB21869,X-193SL,MEHANDI GREEN,40,495,495,975,BLOUSE
VDB16288,X-193SL,GREEN,34,495,495,975,BLOUSE
VDB16315,X-193SL,BRINJAL,32,495,495,975,BLOUSE
VDB25423,X-193SL,BRINJAL,0.34,495,495,975,BLOUSE
VDB16308,X-193SL,PURPLE,32,495,495,975,BLOUSE
VDB20753,X-193SL,PARROT GREEN,34,495,495,975,BLOUSE
VDB20829,X-193SL,PARROT GREEN,32,495,495,975,BLOUSE
VDB16292,X-193SL,GREEN,42,495,495,975,BLOUSE
VDB16326,X-193SL,PINK,40,495,495,975,BLOUSE
VDB16320,X-193SL,BRINJAL,42,495,495,975,BLOUSE
VDB21936,X-193SL,NAVY BLUE,32,495,495,975,BLOUSE
VDB16276,X-193SL,MAROON,38,495,495,975,BLOUSE
VDB16275,X-193SL,MAROON,36,495,495,975,BLOUSE
VDB16285,X-193SL,DARK MAROON,42,495,495,975,BLOUSE
VDB16281,X-193SL,DARK MAROON,34,495,495,975,BLOUSE
VDB16309,X-193SL,PURPLE,34,495,495,975,BLOUSE
VDB16321,X-193SL,BRINJAL,44,594,594,1170,BLOUSE
VDB16304,X-193SL,BLACK,38,495,495,975,BLOUSE
VDB16327,X-193SL,PINK,42,495,495,975,BLOUSE
VDB18879,X-193SL,ROYAL BLUE,42,495,495,975,BLOUSE
VDB16510,X-193SL,ROYAL BLUE,32,495,495,975,BLOUSE
VDB16557,X-193SL,RAMA GREEN,40,495,495,975,BLOUSE
VDB16305,X-193SL,BLACK,40,495,495,975,BLOUSE
VDB16312,X-193SL,PURPLE,40,495,495,975,BLOUSE
VDB31044,X-202NS,PINK,34,850,850,1495,BLOUSE
VDB31048,X-202NS,GREEN,34,850,850,1495,BLOUSE
VDB31053,X-202NS,GOLD,36,850,850,1495,BLOUSE
VDB31057,X-202NS,MAROON,32,850,850,1495,BLOUSE
VDB31050,X-202NS,GREEN,38,850,850,1495,BLOUSE
VDB37727,X-202NS,ROYAL BLUE,32,850,850,1495,BLOUSE
VDB33053,X-202NS,PINK,38,850,850,1495,BLOUSE
VDB33051,X-202NS,RED,38,850,850,1495,BLOUSE
VDB30976,X-202SL,BLACK,38,895,895,1595,BLOUSE
VDB30975,X-202SL,BLACK,36,895,895,1595,BLOUSE
VDB30974,X-202SL,BLACK,34,895,895,1595,BLOUSE
VDB31754,X-202SL,PINK,38,895,895,1595,BLOUSE
VDB31899,X-202SL,GOLD,38,895,895,1595,BLOUSE
VDB33360,X-202SL,ROYAL BLUE,40,895,895,1595,BLOUSE
VDB19762,X-203,ROYAL BLUE,32,495,495,975,BLOUSE
VDB19778,X-203,PINK,36,495,495,975,BLOUSE
VDB19781,X-203,PINK,42,495,495,975,BLOUSE
VDB19757,X-203,GREEN,36,495,495,975,BLOUSE
VDB19760,X-203,GREEN,42,495,495,975,BLOUSE
VDB19777,X-203,PINK,34,495,495,975,BLOUSE
VDB19800,X-203,RED,38,495,495,975,BLOUSE
VDB19786,X-203,GOLD,38,495,495,975,BLOUSE
VDB19766,X-203,ROYAL BLUE,40,495,495,975,BLOUSE
VDB20271,X-203,BLACK,36,495,495,975,BLOUSE
VDB19801,X-203,RED,40,495,495,975,BLOUSE
VDB20226,X-203,BLACK,34,495,495,975,BLOUSE
VDB20272,X-203,BLACK,40,495,495,975,BLOUSE
VDB19776,X-203,PINK,32,495,495,975,BLOUSE
VDB20227,X-203,BLACK,38,495,495,975,BLOUSE
VDB19929,X-203,YELLOW,34,495,495,975,BLOUSE
VDB19504,X-218,GOLD,34,975,975,1850,BLOUSE
VDB19507,X-218,GOLD,40,975,975,1850,BLOUSE
VDB19505,X-218,GOLD,36,975,975,1850,BLOUSE
VDB19503,X-218,GOLD,32,975,975,1850,BLOUSE
VDB19506,X-218,GOLD,38,975,975,1850,BLOUSE
VDB20763,X-219,GOLD,36,650,650,1250,BLOUSE
VDB20748,X-219,MAROON,38,650,650,1250,BLOUSE
VDB19112,X-219,ROYAL BLUE,36,650,650,1250,BLOUSE
VDB19057,X-219,PINK,34,650,650,1250,BLOUSE
VDB20750,X-219,GOLD,34,650,650,1250,BLOUSE
VDB19166,X-225,BLACK,34,1050,1050,1950,BLOUSE
VDB19165,X-225,BLACK,32,1050,1050,1950,BLOUSE
VDB19160,X-225,SILVER,36,1050,1050,1950,BLOUSE
VDB19435,X-227,RED,36,2450,2450,3950,BLOUSE
VDB35566,X-231H.EFO,MULTI,36,1950,1950,3450,BLOUSE
VDB35565,X-231H.EFO,MULTI,34,1950,1950,3450,BLOUSE
VDB35569,X-231H.EFO,MULTI,42,1950,1950,3450,BLOUSE
VDB21148,X-234,MAROON,38,975,975,1750,BLOUSE
VDB21196,X-234,BLACK,34,975,975,1750,BLOUSE
VDB21351,X-234,GREEN,38,975,975,1750,BLOUSE
VDB21606,X-234,PINK,36,975,975,1750,BLOUSE
VDB22254,X-234,ORANGE,40,975,975,1750,BLOUSE
VDB21651,X-234,YELLOW,34,975,975,1750,BLOUSE
VDB21770,X-234,YELLOW,38,975,975,1750,BLOUSE
VDB21802,X-234,BRINJAL,32,975,975,1750,BLOUSE
VDB21783,X-234,YELLOW,40,975,975,1750,BLOUSE
VDB29104,X-234,CREAM,36,975,975,1750,BLOUSE
VDB21350,X-234,GREEN,36,975,975,1750,BLOUSE
VDB21352,X-234,GREEN,40,975,975,1750,BLOUSE
VDB21195,X-234,ROYAL BLUE,34,975,975,1750,BLOUSE
VDB21594,X-234,BRINJAL,38,975,975,1750,BLOUSE
VDB21197,X-234,BRINJAL,34,975,975,1750,BLOUSE
VDB27991,X-234,ORANGE,42,975,975,1750,BLOUSE
VDB27988,X-234,ORANGE,32,975,975,1750,BLOUSE
VDB23213,X-234,ROYAL BLUE,42,975,975,1750,BLOUSE
VDB23212,X-234,ROYAL BLUE,40,975,975,1750,BLOUSE
VDB23485,X-234,COPPER,36,975,975,1750,BLOUSE
VDB21484,X-234,GOLD,36,975,975,1750,BLOUSE
VDB21252,X-234,RED,38,975,975,1750,BLOUSE
VDB21145,X-234,MAROON,32,975,975,1750,BLOUSE
VDB21486,X-234,GOLD,40,975,975,1750,BLOUSE
VDB21653,X-234,PINK,40,975,975,1750,BLOUSE
VDB21652,X-234,PINK,38,975,975,1750,BLOUSE
VDB22903,X-238,COPPER,36,1250,1250,2150,BLOUSE
VDB24027,X-253,PINK,34,975,975,1750,BLOUSE
VDB24040,X-253,GREEN,36,975,975,1750,BLOUSE
VDB25009,X-256,PURPLE,34,650,650,1250,BLOUSE
VDB25008,X-256,PURPLE,32,650,650,1250,BLOUSE
VDB25006,X-256,GREEN,40,650,650,1250,BLOUSE
VDB25002,X-256,GREEN,32,650,650,1250,BLOUSE
VDB25000,X-256,ROYAL BLUE,40,650,650,1250,BLOUSE
VDB24999,X-256,ROYAL BLUE,38,650,650,1250,BLOUSE
VDB24998,X-256,ROYAL BLUE,36,650,650,1250,BLOUSE
VDB24997,X-256,ROYAL BLUE,34,650,650,1250,BLOUSE
VDB24980,X-256,PINK,36,650,650,1250,BLOUSE
VDB24975,X-256,BLACK,38,650,650,1250,BLOUSE
VDB25010,X-256,PURPLE,36,650,650,1250,BLOUSE
VDB25012,X-256,PURPLE,40,650,650,1250,BLOUSE
VDB25181,X-256,ORANGE,40,650,650,1250,BLOUSE
VDB25179,X-256,ORANGE,36,650,650,1250,BLOUSE
VDB25178,X-256,ORANGE,34,650,650,1250,BLOUSE
VDB25018,X-256,BRINJAL,40,650,650,1250,BLOUSE
VDB25017,X-256,BRINJAL,38,650,650,1250,BLOUSE
VDB25016,X-256,BRINJAL,36,650,650,1250,BLOUSE
VDB25015,X-256,BRINJAL,34,650,650,1250,BLOUSE
VDB25014,X-256,BRINJAL,32,650,650,1250,BLOUSE
VDB24968,X-256,RED,36,650,650,1250,BLOUSE
VDB24967,X-256,RED,34,650,650,1250,BLOUSE
VDB24962,X-256,MAROON,36,650,650,1250,BLOUSE
VDB24961,X-256,MAROON,34,650,650,1250,BLOUSE
VDB24960,X-256,MAROON,32,650,650,1250,BLOUSE
VDB24956,X-256,COPPER,36,650,650,1250,BLOUSE
VDB24950,X-256,GOLD,36,650,650,1250,BLOUSE
VDB37851,X-256,SILVER,36,650,650,1250,BLOUSE
VDB24990,X-256,MUSTARD,32,650,650,1250,BLOUSE
VDB24963,X-256,MAROON,38,650,650,1250,BLOUSE
VDB26196,X-257SL,GOLD,38,975,975,1750,BLOUSE
VDB26216,X-257SL,BLACK,42,975,975,1750,BLOUSE
VDB26215,X-257SL,BLACK,40,975,975,1750,BLOUSE
VDB26198,X-257SL,GOLD,42,975,975,1750,BLOUSE
VDB26197,X-257SL,GOLD,40,975,975,1750,BLOUSE
VDB26680,X-258,BLACK,38,850,850,1500,BLOUSE
VDB26851,X-259SL,GOLD,32,850,850,1350,BLOUSE
VDB26876,X-259SL,RED,34,850,850,1350,BLOUSE
VDB26108,X-262,COPPER,42,750,750,1350,BLOUSE
VDB26107,X-262,COPPER,40,750,750,1350,BLOUSE
VDB26106,X-262,COPPER,38,750,750,1350,BLOUSE
VDB26105,X-262,COPPER,36,750,750,1350,BLOUSE
VDB29223,X-262,SILVER,38,750,750,1350,BLOUSE
VDB29222,X-262,SILVER,36,750,750,1350,BLOUSE
VDB29220,X-262,SILVER,32,750,750,1350,BLOUSE
VDB35620,X-262,LIGHT GOLD,38,750,750,1350,BLOUSE
VDB35619,X-262,LIGHT GOLD,36,750,750,1350,BLOUSE
VDB34302,X-262,ANTIC GOLD,42,750,750,1350,BLOUSE
VDB29214,X-262,GOLD,32,750,750,1350,BLOUSE
VDB34177,X-262,ANTIC GOLD,38,750,750,1350,BLOUSE
VDB26448,X-263SL,RED,38,1350,1350,2375,BLOUSE
VDB26447,X-263SL,RED,36,1350,1350,2375,BLOUSE
VDB26434,X-263SL,GOLD,34,1350,1350,2375,BLOUSE
VDB34105,X-263SL,GREEN,38,1350,1350,2375,BLOUSE
VDB33582,X-263SL,GREEN,34,1350,1350,2375,BLOUSE
VDB34104,X-263SL,GREEN,36,1350,1350,2375,BLOUSE
VDB26433,X-263SL,GOLD,32,1350,1350,2375,BLOUSE
VDB27814,X-264SL,PARROT GREEN,34,1050,1050,1850,BLOUSE
VDB26798,X-264SL,MAROON,34,1050,1050,1850,BLOUSE
VDB26817,X-264SL,PINK,36,1050,1050,1850,BLOUSE
VDB26804,X-264SL,ROYAL BLUE,34,1050,1050,1850,BLOUSE
VDB26803,X-264SL,ROYAL BLUE,32,1050,1050,1850,BLOUSE
VDB26787,X-264SL,GREEN,36,1050,1050,1850,BLOUSE
VDB26842,X-264SL,MUSTARD,38,1050,1050,1850,BLOUSE
VDB26841,X-264SL,MUSTARD,36,1050,1050,1850,BLOUSE
VDB26800,X-264SL,MAROON,38,1050,1050,1850,BLOUSE
VDB26812,X-264SL,BLACK,38,1050,1050,1850,BLOUSE
VDB26801,X-264SL,MAROON,40,1050,1050,1850,BLOUSE
VDB26835,X-264SL,BRINJAL,36,1050,1050,1850,BLOUSE
VDB26786,X-264SL,GREEN,34,1050,1050,1850,BLOUSE
VDB26791,X-264SL,RED,32,1050,1050,1850,BLOUSE
VDB26806,X-264SL,ROYAL BLUE,38,1050,1050,1850,BLOUSE
VDB26282,X-265NS,GOLD,42,750,750,1350,BLOUSE
VDB28757,X-266,GOLD,32,1250,1250,2195,BLOUSE
VDB28766,X-266,BLACK,38,1250,1250,2195,BLOUSE
VDB26749,X-269NS,GOLD,32,975,975,1750,BLOUSE
VDB36163,X-269NS,SILVER,34,975,975,1750,BLOUSE
VDB36166,X-269NS,SILVER,40,975,975,1750,BLOUSE
VDB27834,X-273NS,RED,36,995,995,1750,BLOUSE
VDB27832,X-273NS,RED,32,995,995,1750,BLOUSE
VDB27892,X-273NS,PINK,32,995,995,1750,BLOUSE
VDB27894,X-273NS,PINK,36,995,995,1750,BLOUSE
VDB27840,X-273NS,ROYAL BLUE,36,995,995,1750,BLOUSE
VDB27907,X-273NS,PARROT GREEN,38,995,995,1750,BLOUSE
VDB27862,X-273NS,YELLOW,32,995,995,1750,BLOUSE
VDB27863,X-273NS,YELLOW,34,995,995,1750,BLOUSE
VDB39190,X-274SL.EFO,GOLD,40,1150,1150,2395,BLOUSE
VDB39189,X-274SL.EFO,GOLD,36,1150,1150,2395,BLOUSE
VDB37740,X-274SL.EFO,BLACK,38,1150,1150,2395,BLOUSE
VDB28443,X-275,BLACK,42,550,550,975,BLOUSE
VDB28442,X-275,BLACK,40,550,550,975,BLOUSE
VDB28438,X-275,BLACK,32,550,550,975,BLOUSE
VDB28426,X-275,GOLD,32,550,550,975,BLOUSE
VDB29415,X-277NS,MULTI,32,995,995,1795,BLOUSE
VDB29418,X-277NS,MULTI,38,995,995,1795,BLOUSE
VDB29417,X-277NS,MULTI,36,995,995,1795,BLOUSE
VDB30649,X-279,MULTI,34,1250,1250,2195,BLOUSE
VDB30653,X-279,MULTI,42,1250,1250,2195,BLOUSE
VDB29801,X-280,SILVER,42,550,550,995,BLOUSE
VDB29796,X-280,SILVER,32,550,550,995,BLOUSE
VDB29794,X-280,COPPER,40,550,550,995,BLOUSE
VDB29793,X-280,COPPER,38,550,550,995,BLOUSE
VDB29791,X-280,COPPER,34,550,550,995,BLOUSE
VDB29790,X-280,COPPER,32,550,550,995,BLOUSE
VDB29716,X-281,SILVER,32,750,750,1395,BLOUSE
VDB29718,X-281,SILVER,36,750,750,1395,BLOUSE
VDB29404,X-282,MULTI,40,750,750,1350,BLOUSE
VDB31731,X-283,MAROON,34,1150,1150,1995,BLOUSE
VDB32401,X-283,MAROON,38,1150,1150,1995,BLOUSE
VDB31881,X-283,GOLD,38,1150,1150,1995,BLOUSE
VDB31870,X-283,GREEN,38,1150,1150,1995,BLOUSE
VDB31676,X-283,PINK,34,1150,1150,1995,BLOUSE
VDB31670,X-283,GOLD,34,1150,1150,1995,BLOUSE
VDB31669,X-283,RED,34,1150,1150,1995,BLOUSE
VDB31877,X-283,ROYAL BLUE,38,1150,1150,1995,BLOUSE
VDB31675,X-283,GREEN,34,1150,1150,1995,BLOUSE
VDB31672,X-283,ROYAL BLUE,34,1150,1150,1995,BLOUSE
VDB31668,X-283,BLACK,34,1150,1150,1995,BLOUSE
VDB32412,X-283,PINK,38,1150,1150,1995,BLOUSE
VDB31874,X-283,BLACK,38,1150,1150,1995,BLOUSE
VDB32195,X-283,RED,38,1150,1150,1995,BLOUSE
VDB31866,X-283,OFF WHITE,38,1150,1150,1995,BLOUSE
VDB31677,X-286NS,GOLD,34,850,850,1550,BLOUSE
VDB31735,X-286NS,PINK,34,850,850,1550,BLOUSE
VDB31743,X-286NS,MAROON,36,850,850,1550,BLOUSE
VDB31643,X-286NS,GOLD,32,850,850,1550,BLOUSE
VDB37735,X-286NS,COPPER,36,850,850,1550,BLOUSE
VDB31745,X-286NS,MAROON,40,850,850,1550,BLOUSE
VDB33183,X-286NS,GREEN,38,850,850,1550,BLOUSE
VDB33497,X-286NS,CREAM,38,850,850,1550,BLOUSE
VDB34795,X-286NS,SILVER,34,850,850,1550,BLOUSE
VDB31924,X-287,PINK,38,895,895,1595,BLOUSE
VDB31770,X-287,RED,34,895,895,1595,BLOUSE
VDB31655,X-287,GREEN,36,895,895,1595,BLOUSE
VDB31926,X-287,ROYAL BLUE,34,895,895,1595,BLOUSE
VDB31927,X-287,ROYAL BLUE,36,895,895,1595,BLOUSE
VDB31920,X-287,MAROON,38,895,895,1595,BLOUSE
VDB31771,X-287,RED,36,895,895,1595,BLOUSE
VDB31783,X-287,GREEN,34,895,895,1595,BLOUSE
VDB31784,X-287,GREEN,38,895,895,1595,BLOUSE
VDB31785,X-287,GREEN,40,895,895,1595,BLOUSE
VDB30499,X-287,RED,34,895,895,1395,BLOUSE
VDB30553,X-287,YELLOW,34,895,895,1395,BLOUSE
VDB30511,X-287,GREEN,34,895,895,1395,BLOUSE
VDB31650,X-287,ORANGE,34,895,895,1595,BLOUSE
VDB30517,X-287,ROYAL BLUE,34,895,895,1395,BLOUSE
VDB30541,X-287,RAMA GREEN,34,895,895,1395,BLOUSE
VDB31929,X-287,ROYAL BLUE,40,895,895,1595,BLOUSE
VDB31951,X-287,MEHNDI GREEN,36,895,895,1595,BLOUSE
VDB34315,X-300,MAROON,36,1350,1350,2450,BLOUSE
VDB34085,X-300,BLACK,38,1350,1350,2450,BLOUSE
VDB33852,X-300,BLACK,36,1350,1350,2450,BLOUSE
VDB36146,X-311NS,LIGHT GOLD,36,795,795,1395,BLOUSE
VDB36147,X-311NS,LIGHT GOLD,38,795,795,1395,BLOUSE
VDB34342,X-311NS,GOLD,38,795,795,1395,BLOUSE
VDB34450,X-313NS,RED,34,695,695,1395,BLOUSE
VDB34449,X-313NS,RED,36,695,695,1395,BLOUSE
VDB34448,X-313NS,RED,32,695,695,1395,BLOUSE
VDB34447,X-313NS,PINK,38,695,695,1395,BLOUSE
VDB34445,X-313NS,PINK,34,695,695,1395,BLOUSE
VDB34438,X-313NS,GREEN,36,695,695,1395,BLOUSE
VDB34336,X-313NS,GOLD,38,695,695,1395,BLOUSE
VDB34452,X-313NS,BLACK,36,695,695,1395,BLOUSE
VDB34453,X-313NS,BLACK,38,695,695,1395,BLOUSE
VDB34582,X-313NS,GREEN,34,695,695,1395,BLOUSE
VDB34581,X-313NS,GREEN,32,695,695,1395,BLOUSE
VDB34475,X-313NS,ROYAL BLUE,38,695,695,1395,BLOUSE
VDB34474,X-313NS,ROYAL BLUE,36,695,695,1395,BLOUSE
VDB34473,X-313NS,ROYAL BLUE,34,695,695,1395,BLOUSE
VDB34335,X-313NS,GOLD,34,695,695,1395,BLOUSE
VDB35452,X-313NS,BLACK,40,695,695,1395,BLOUSE
VDB35449,X-313NS,RED,40,695,695,1395,BLOUSE
VDB35302,X-313NS,MAROON,38,695,695,1395,BLOUSE
VDB35301,X-313NS,MAROON,36,695,695,1395,BLOUSE
VDB34439,X-313NS,GREEN,38,695,695,1395,BLOUSE
VDB35450,X-313NS,MAROON,40,695,695,1395,BLOUSE
VDB35589,X-313NS,PINK,40,695,695,1395,BLOUSE
VDB34571,X-313NS,BLACK,32,695,695,1395,BLOUSE
VDB35451,X-313NS,ROYAL BLUE,40,695,695,1395,BLOUSE
VDB35213,X-314,MAROON,34,750,750,1350,BLOUSE
VDB34922,X-314,GOLD,40,750,750,1350,BLOUSE
VDB34921,X-314,GOLD,38,750,750,1350,BLOUSE
VDB34806,X-314,YELLOW,38,750,750,1350,BLOUSE
VDB34805,X-314,YELLOW,36,750,750,1350,BLOUSE
VDB35217,X-314,GREEN,38,750,750,1350,BLOUSE
VDB35214,X-314,MAROON,38,750,750,1350,BLOUSE
VDB34919,X-314,GOLD,34,750,750,1350,BLOUSE
VDB35219,X-314,ROYAL BLUE,34,750,750,1350,BLOUSE
VDB35220,X-314,ROYAL BLUE,38,750,750,1350,BLOUSE
VDB35658,X-314,GOLD,32,750,750,1350,BLOUSE
VDB39163,X-317.EFO,MAROON,36,795,795,1450,BLOUSE
VDB39191,X-317.EFO,BLACK,40,795,795,1450,BLOUSE
VDB35168,X-320SL,GOLD,40,975,975,1750,BLOUSE
VDB35129,X-321,GOLD,34,975,975,1950,BLOUSE
VDB36710,X-325,BRINJAL MULTI,34,495,495,895,BLOUSE
VDB35517,X-325,GREEN MULTI,40,495,495,895,BLOUSE
VDB35516,X-325,GREEN MULTI,38,495,495,895,BLOUSE
VDB35515,X-325,GREEN MULTI,34,495,495,895,BLOUSE
VDB35514,X-325,GREEN MULTI,32,495,495,895,BLOUSE
VDB35512,X-325,RED MULTI,40,495,495,895,BLOUSE
VDB36711,X-325,BRINJAL MULTI,38,495,495,895,BLOUSE
VDB36748,X-325,BRINJAL MULTI,40,495,495,895,BLOUSE
VDB35509,X-325,RED MULTI,32,495,495,895,BLOUSE
VDB35848,X-325,R BLUE MULTI,40,495,495,895,BLOUSE
VDB35847,X-325,R BLUE MULTI,38,495,495,895,BLOUSE
VDB35857,X-325,PINK MULTI,34,495,495,895,BLOUSE
VDB35846,X-325,R BLUE MULTI,36,495,495,895,BLOUSE
VDB36745,X-325,BRINJAL MULTI,32,495,495,895,BLOUSE
VDB35525,X-325,PINK MULTI,38,495,495,895,BLOUSE
VDB36138,X-325,MAROON MULTI,32,495,495,895,BLOUSE
VDB35853,X-325,BRINJAL MULTI,42,495,495,895,BLOUSE
VDB36140,X-325,MAROON MULTI,36,495,495,895,BLOUSE
VDB36159,X-325,R BLUE MULTI,32,495,495,895,BLOUSE
VDB35849,X-325,R BLUE MULTI,42,495,495,895,BLOUSE
VDB35845,X-325,R BLUE MULTI,34,495,495,895,BLOUSE
VDB35508,X-325,PINK MULTI,36,495,495,895,BLOUSE
VDB35526,X-325,PINK MULTI,40,495,495,895,BLOUSE
VDB35524,X-325,PINK MULTI,32,495,495,895,BLOUSE
VDB35527,X-325,PINK MULTI,42,495,495,895,BLOUSE
VDB37498,X-326,BLACK MULTI,38,550,550,975,BLOUSE
VDB37499,X-326,BLACK MULTI,40,550,550,975,BLOUSE
VDB38488,X-327SL,COPPER,40,995,995,1950,BLOUSE
VDB38489,X-327SL,COPPER,42,995,995,1950,BLOUSE
VDB37404,X-333,PINK,36,495,495,975,BLOUSE
VDB35837,X-333,GREEN,36,495,495,975,BLOUSE
VDB35631,X-333,MAROON,36,495,495,975,BLOUSE
VDB36211,X-336,COPPER,36,1295,1295,2295,BLOUSE
VDB35947,X-336,COPPER,34,1295,1295,2295,BLOUSE
VDB35950,X-336,COPPER,40,1295,1295,2295,BLOUSE
VDB36040,X-340,GOLD,38,650,650,1250,BLOUSE
VDB36039,X-340,GOLD,36,650,650,1250,BLOUSE
VDB36041,X-340,GOLD,40,650,650,1250,BLOUSE
VDB36054,X-340,PINK,36,650,650,1250,BLOUSE
VDB36031,X-340,BLACK,38,650,650,1250,BLOUSE
VDB36006,X-340,RED,34,650,650,1250,BLOUSE
VDB35999,X-340,GREEN,34,650,650,1250,BLOUSE
VDB36319,X-340,ROYAL BLUE,38,650,650,1250,BLOUSE
VDB36510,X-340,GOLD,42,650,650,1250,BLOUSE
VDB36316,X-340,ROYAL BLUE,32,650,650,1250,BLOUSE
VDB36302,X-340,GREEN,32,650,650,1250,BLOUSE
VDB36305,X-340,RED,32,650,650,1250,BLOUSE
VDB35998,X-340,GOLD,34,650,650,1250,BLOUSE
VDB37891,X-347SL,ANTIC GOLD,38,1050,1050,1895,BLOUSE
VDB10611,X-35SL,BLACK,34,495,495,975,BLOUSE
VDB10645,X-35SL,YELLOW,32,495,495,975,BLOUSE
VDB10596,X-35SL,RED,32,495,495,975,BLOUSE
VDB21048,X-35SL,PARROT GREEN,34,495,495,975,BLOUSE
VDB10607,X-35SL,GREEN,40,495,495,975,BLOUSE
VDB10615,X-35SL,BLACK,42,495,495,975,BLOUSE
VDB10635,X-35SL,PURPLE,40,495,495,975,BLOUSE
VDB10641,X-35SL,BRINJAL,38,495,495,975,BLOUSE
VDB10642,X-35SL,BRINJAL,40,495,495,975,BLOUSE
VDB10663,X-35SL,ROYAL BLUE,40,495,495,975,BLOUSE
VDB21922,X-35SL,PARROT GREEN,42,495,495,975,BLOUSE
VDB10621,X-35SL,PINK,40,495,495,975,BLOUSE
VDB10619,X-35SL,PINK,36,495,495,975,BLOUSE
VDB10646,X-35SL,YELLOW,34,495,495,975,BLOUSE
VDB10648,X-35SL,YELLOW,38,495,495,975,BLOUSE
VDB23470,X-35SL,PARROT GREEN,40,495,495,975,BLOUSE
VDB10600,X-35SL,RED,40,495,495,975,BLOUSE
VDB10599,X-35SL,RED,38,495,495,975,BLOUSE
VDB10608,X-35SL,GREEN,42,495,495,975,BLOUSE
VDB10603,X-35SL,GREEN,32,495,495,975,BLOUSE
VDB21920,X-35SL,PARROT GREEN,36,495,495,975,BLOUSE
VDB10647,X-35SL,YELLOW,36,495,495,975,BLOUSE
VDB20765,X-35SL,ORANGE,40,495,495,975,BLOUSE
VDB17613,X-35SL,ORANGE,36,495,495,975,BLOUSE
VDB10573,X-35SL,GOLD,42,495,495,975,BLOUSE
VDB10572,X-35SL,GOLD,40,495,495,975,BLOUSE
VDB14232,X-40,BLACK,38,975,975,2250,BLOUSE
VDB29175,X-40,WHITE,36,975,975,2250,BLOUSE
VDB23824,X-40,SILVER,34,975,975,2250,BLOUSE
VDB23823,X-40,SILVER,32,975,975,2250,BLOUSE
VDB14231,X-40,BLACK,36,975,975,2250,BLOUSE
VDB14271,X-40,ROYAL BLUE,32,975,975,2250,BLOUSE
VDB14273,X-40,ROYAL BLUE,36,975,975,2250,BLOUSE
VDB14272,X-40,ROYAL BLUE,34,975,975,2250,BLOUSE
VDB14260,X-40,PINK,38,975,975,2250,BLOUSE
VDB14224,X-40,GOLD,36,975,975,2250,BLOUSE
VDB14258,X-40,PINK,34,975,975,2250,BLOUSE
VDB14230,X-40,BLACK,34,975,975,2250,BLOUSE
VDB14225,X-40,GOLD,38,975,975,2250,BLOUSE
VDB14250,X-40,GREEN,32,975,975,2250,BLOUSE
VDB14257,X-40,PINK,32,975,975,2250,BLOUSE
VDB14259,X-40,PINK,36,975,975,2250,BLOUSE
VDB14251,X-40,GREEN,34,975,975,2250,BLOUSE
VDB14252,X-40,GREEN,36,975,975,2250,BLOUSE
VDB31103,X-81NS,GOLD,38,750,750,1350,BLOUSE
